dataset,variant,tda_acc,clip_acc
dtd,both,0.47393617021276596,0.47074466943740845
dtd,positive_only,0.475531914893617,0.47074466943740845
dtd,negative_only,0.46914893617021275,0.47074466943740845
