dataset,clip_acc,tda_acc,freetta_acc
pets,0.883892068683565,0.8833469610248024,0.881166530389752
