dataset,clip_acc,tda_acc,freetta_acc
pets,0.883892068683565,0.8879803761242846,0.8841646225129463
