dataset,clip_acc,tda_acc,freetta_acc
pets,0.883892068683565,0.8868901608067593,0.8863450531479967
