dataset,method,subset,samples,mean_entropy,median_entropy,std_entropy,mean_confidence,median_confidence,std_confidence
pets,clip,all,3669,3.6098244524872833,3.6099014282226562,0.0004111941986135145,0.03040820052433514,0.0303878765553236,0.0007002819609280756
pets,clip,correct,3243,3.609828363036874,3.609905242919922,0.00041169454746513864,0.0304729308366702,0.030440598726272583,0.0006784517790232678
pets,clip,wrong,426,3.609794682740046,3.6098692417144775,0.0004061325362264869,0.029915429625502775,0.029897240921854973,0.0006669339092582258
pets,tda,all,3669,0.43999508007440136,0.2637697756290436,0.4518272552665494,0.8526706542280592,0.9444541931152344,0.18353116053795676
pets,tda,correct,3258,0.35806469239675504,0.20359855890274048,0.38110515450012583,0.8883424653615082,0.9609117805957794,0.1511450194500238
pets,tda,wrong,411,1.0894578612271306,1.0229790210723877,0.44281971983839624,0.5698999469950251,0.5573685765266418,0.17192228545118096
pets,freetta,all,3669,3.60980014698354,3.6098763942718506,0.00041539900246311966,0.03044636621482368,0.030424365773797035,0.0007040370582225969
pets,freetta,correct,3244,3.6098040557672006,3.609878897666931,0.00041565249713385266,0.030511774055535748,0.030482101254165173,0.0006810738128034612
pets,freetta,wrong,425,3.6097703114677877,3.6098549365997314,0.00041223966680583137,0.029947112014188485,0.02992791309952736,0.0006756748493214364
