dataset,method,subset,samples,mean_entropy,median_entropy,std_entropy,mean_confidence,median_confidence,std_confidence
pets,clip,all,3669,3.6098244632092964,3.6099014282226562,0.00041119269472522456,0.03040820003392489,0.0303878765553236,0.000700281880546707
pets,clip,correct,3243,3.6098283741380786,3.609905242919922,0.00041169077514849323,0.030472930352485845,0.030440595000982285,0.0006784517034704051
pets,clip,wrong,426,3.609794690575398,3.6098694801330566,0.00040614829319185036,0.02991542908769678,0.029897240921854973,0.0006669337278166898
pets,tda,all,3669,0.4455486138679709,0.26485535502433777,0.453328337136782,0.8511815702933062,0.943175733089447,0.1844347422835072
pets,tda,correct,3254,0.36266024165017297,0.2110968381166458,0.38261769912773863,0.8875600937765364,0.9604209959506989,0.1511969664936667
pets,tda,wrong,415,1.0954733444624636,1.0286657810211182,0.4389929073504655,0.5659388825476888,0.5506078600883484,0.17247357915436903
pets,freetta,all,3669,0.43358168717048473,0.2592407464981079,0.4455255119873044,0.8513501380852244,0.9454332590103149,0.18596143630718576
pets,freetta,correct,3252,0.35170749084105457,0.19718505442142487,0.3764921868368114,0.8879887555962999,0.9619339406490326,0.15278750352686257
pets,freetta,wrong,417,1.0720826139410051,1.0170818567276,0.4255287839224677,0.5656216389341034,0.5473547577857971,0.17352107560553098
