dataset,method,subset,samples,mean_entropy,median_entropy,std_entropy,mean_confidence,median_confidence,std_confidence
pets,clip,all,3669,3.6098244524872833,3.6099014282226562,0.0004111941986135145,0.03040820052433514,0.0303878765553236,0.0007002819609280756
pets,clip,correct,3243,3.609828363036874,3.609905242919922,0.00041169454746513864,0.0304729308366702,0.030440598726272583,0.0006784517790232678
pets,clip,wrong,426,3.609794682740046,3.6098692417144775,0.0004061325362264869,0.029915429625502775,0.029897240921854973,0.0006669339092582258
pets,tda,all,3669,0.36386818192392345,0.17095808684825897,0.42443094056059993,0.8787429406934357,0.9679305553436279,0.17033145137251055
pets,tda,correct,3244,0.288527987802332,0.13077424466609955,0.35674505775255244,0.9109481975353528,0.9771994948387146,0.1378033836802271
pets,tda,wrong,425,0.9389354518779061,0.905548632144928,0.4579325184453495,0.6329221096459557,0.606161892414093,0.19280405506281834
pets,freetta,all,3669,0.37921695858308424,0.18910151720046997,0.42170823938481916,0.8660736656231203,0.9616824388504028,0.1794254113355171
pets,freetta,correct,3264,0.3019691362866007,0.14417879283428192,0.3541979973208362,0.9003474411198541,0.9731055200099945,0.14801620184414918
pets,freetta,wrong,405,1.001777185683633,0.9676445126533508,0.40536677188736253,0.5898524231012957,0.5710222125053406,0.17121646826679252
