dataset,method,subset,samples,mean_entropy,median_entropy,std_entropy,mean_confidence,median_confidence,std_confidence
pets,clip,all,3669,3.6098244524872833,3.6099014282226562,0.0004111941986135145,0.03040820052433514,0.0303878765553236,0.0007002819609280756
pets,clip,correct,3243,3.609828363036874,3.609905242919922,0.00041169454746513864,0.0304729308366702,0.030440598726272583,0.0006784517790232678
pets,clip,wrong,426,3.609794682740046,3.6098692417144775,0.0004061325362264869,0.029915429625502775,0.029897240921854973,0.0006669339092582258
pets,tda,all,3669,0.35681354433972573,0.16371606290340424,0.4208277728197281,0.8804411768758937,0.9688652753829956,0.16859809722446592
pets,tda,correct,3241,0.28025209078804053,0.12479132413864136,0.3491304378360992,0.912861581543499,0.9782505631446838,0.13552937386575126
pets,tda,wrong,428,0.9365697849028369,0.8701167702674866,0.46327075305211424,0.6349399349887237,0.6169589757919312,0.1906618692890663
pets,freetta,all,3669,3.6094462265920235,3.609513759613037,0.0004919495014465798,0.030994875261112824,0.03099660947918892,0.0008014049990535235
pets,freetta,correct,3233,3.609443540953646,3.609510660171509,0.0004897475485987442,0.031084974986889065,0.03106868639588356,0.0007588351871591057
pets,freetta,wrong,436,3.6094661409701776,3.609545946121216,0.0005075363863641292,0.030326773395437167,0.030363017693161964,0.0007925913657565553
