dataset,oracle_centroid_acc,oracle_1nn_acc,geometry_alignment_score
pets,0.9149631857872009,0.8345598255655492,0.08040336022165173
