dataset,method,samples,unchanged_correct_count,unchanged_wrong_count,beneficial_flip_count,harmful_flip_count,other_changed_wrong_count,unchanged_correct_rate,unchanged_wrong_rate,change_rate,beneficial_flip_precision,harmful_flip_rate_on_clip_correct,net_correction_score,net_correction_rate,avg_entropy_after_beneficial_flip,avg_entropy_after_harmful_flip
pets,tda,3669,3190,354,51,53,21,0.8694467157263559,0.0964840556009812,0.03406922867266285,0.408,0.016342892383595438,-2,-0.0005451076587626056,1.0371592968117958,1.0638085378790803
pets,freetta,3669,3183,340,50,60,36,0.8675388389206868,0.09266830198964296,0.03979285908967021,0.3424657534246575,0.018501387604070305,-10,-0.002725538293813028,3.6094887971878054,3.609569569428762
