dataset,method,samples,unchanged_correct_count,unchanged_wrong_count,beneficial_flip_count,harmful_flip_count,other_changed_wrong_count,unchanged_correct_rate,unchanged_wrong_rate,change_rate,beneficial_flip_precision,harmful_flip_rate_on_clip_correct,net_correction_score,net_correction_rate,avg_entropy_after_beneficial_flip,avg_entropy_after_harmful_flip
pets,tda,3669,3192,354,52,51,20,0.8699918233851186,0.0964840556009812,0.033524121013900246,0.42276422764227645,0.01572617946345976,1,0.0002725538293813028,1.089368421297807,1.0618551338420195
pets,freetta,3669,3208,348,56,35,22,0.8743526846552194,0.09484873262469337,0.030798582720087217,0.49557522123893805,0.010792476102374344,21,0.005723630417007359,1.0736994543778045,1.1258528539112636
