dataset,method,samples,unchanged_correct_count,unchanged_wrong_count,beneficial_flip_count,harmful_flip_count,other_changed_wrong_count,unchanged_correct_rate,unchanged_wrong_rate,change_rate,beneficial_flip_precision,harmful_flip_rate_on_clip_correct,net_correction_score,net_correction_rate,avg_entropy_after_beneficial_flip,avg_entropy_after_harmful_flip
pets,tda,3669,3233,393,21,10,12,0.881166530389752,0.107113654946852,0.01171981466339602,0.4883720930232558,0.003083564600678384,11,0.002998092123194331,1.0918750791322618,1.3632851362228393
pets,freetta,3669,3229,386,23,14,17,0.8800763150722267,0.10520577814118288,0.014717906786590351,0.42592592592592593,0.004316990440949738,9,0.0024529844644317253,1.1381693093673042,1.2594271642821175
