dataset,method,samples,unchanged_correct_count,unchanged_wrong_count,beneficial_flip_count,harmful_flip_count,other_changed_wrong_count,unchanged_correct_rate,unchanged_wrong_rate,change_rate,beneficial_flip_precision,harmful_flip_rate_on_clip_correct,net_correction_score,net_correction_rate,avg_entropy_after_beneficial_flip,avg_entropy_after_harmful_flip
pets,tda,3669,3231,389,27,12,10,0.8806214227309894,0.1060234396293268,0.013355137639683837,0.5510204081632653,0.0037002775208140612,15,0.004088307440719542,1.1038106238400494,1.338621864716212
pets,freetta,3669,3237,415,7,6,4,0.8822567457072772,0.11310983919324066,0.0046334150994821474,0.4117647058823529,0.0018501387604070306,1,0.0002725538293813028,3.609844923019409,3.609773556391398
