dataset,method,final_accuracy,mean_time_ms,std_time_ms,peak_state_mb,samples_to_90pct_final_acc,stability_std_last_quarter,prediction_churn_rate,error_recovery_latency,ece,disagreement_rate,freetta_win_rate_on_disagreement,tda_win_rate_on_disagreement
dtd,tda,0.5,3.530283333333334,7.903721742954742,0.01764678955078125,2,0.014056528719161576,0.0,1.4444444444444444,0.20028887291749317,,,
dtd,freetta,0.5,1.9016466666666665,5.772710924671547,0.18572616577148438,2,0.014056528719161576,0.0,1.4444444444444444,0.1966313786804676,,,
dtd,custom_disagreement,nan,nan,nan,nan,nan,nan,nan,nan,nan,0.0,0.0,0.0
caltech,tda,0.8333333333333334,0.9975166666666666,0.4204410335852368,0.039215087890625,1,0.024617392910935294,0.0,1.25,0.20502292613188428,,,
caltech,freetta,0.8333333333333334,0.9661533333333332,0.3049986445142922,0.3968696594238281,1,0.024617392910935294,0.0,1.25,0.1672124609351158,,,
caltech,custom_disagreement,nan,nan,nan,nan,nan,nan,nan,nan,nan,0.0,0.0,0.0
