dataset,clip_acc,tda_acc,freetta_acc
dtd,0.43936170212765957,0.45159574468085106,0.43936170212765957
