dataset,clip_acc,tda_acc,freetta_acc
dtd,0.43936170212765957,0.45851063829787236,0.45478723404255317
