dataset,method,subset,samples,mean_entropy,median_entropy,std_entropy,mean_confidence,median_confidence,std_confidence
dtd,clip,all,1880,3.8499777757106943,3.8499863147735596,6.227541055327545e-05,0.022322672842308246,0.02223564311861992,0.00040288652186840193
dtd,clip,correct,826,3.8499600413925132,3.849969506263733,6.388691797590076e-05,0.022537723490314392,0.02248433232307434,0.00043695837068553385
dtd,clip,wrong,1054,3.849991673762703,3.850000023841858,5.726488459478264e-05,0.02215414168931671,0.022105662152171135,0.00027431182057976
dtd,tda,all,1880,0.8549717666062177,0.5697154700756073,0.8599349184045788,0.7569048208838448,0.877797394990921,0.26256346131896624
dtd,tda,correct,862,0.5062326359518508,0.11871860548853874,0.7040120127855616,0.8613833728356594,0.9829696714878082,0.21236104677666495
dtd,tda,wrong,1018,1.150269537356772,1.0569260120391846,0.8693628625555802,0.6684367346535263,0.6864749789237976,0.2684374532149143
dtd,freetta,all,1880,1.8965244972204016,2.11210834980011,0.9739902321640627,0.4981395114371751,0.4359979182481766,0.2833423332739604
dtd,freetta,correct,855,1.406514420817274,1.310921311378479,0.9939661698380508,0.6442883559486322,0.6845698356628418,0.2811907502024115
dtd,freetta,wrong,1025,2.305264609732279,2.5211403369903564,0.7406145733074171,0.37622998747883774,0.3047122657299042,0.22049307721278957
