dataset,method,subset,samples,mean_entropy,median_entropy,std_entropy,mean_confidence,median_confidence,std_confidence
dtd,clip,all,1880,3.8499777757106943,3.8499863147735596,6.227541055327545e-05,0.022322672842308246,0.02223564311861992,0.00040288652186840193
dtd,clip,correct,826,3.8499600413925132,3.849969506263733,6.388691797590076e-05,0.022537723490314392,0.02248433232307434,0.00043695837068553385
dtd,clip,wrong,1054,3.849991673762703,3.850000023841858,5.726488459478264e-05,0.02215414168931671,0.022105662152171135,0.00027431182057976
dtd,tda,all,1880,1.5490757556853227,1.6027819514274597,1.0009786522178072,0.596867237604679,0.5954071283340454,0.2891712903290954
dtd,tda,correct,849,1.073658662121573,0.8465039134025574,0.93947300965821,0.7352873790478257,0.8366256952285767,0.2610133254505418
dtd,tda,wrong,1031,1.940568590249458,2.0918381214141846,0.8722669396926216,0.4828820774832128,0.4287028908729553,0.2600132214264014
dtd,freetta,all,1880,3.849903046704353,3.8499155044555664,8.976203504811243e-05,0.02253772473220337,0.022431579418480396,0.0004886860059594505
dtd,freetta,correct,826,3.849877329773245,3.849891185760498,9.214360914124956e-05,0.02279851868405902,0.022732854820787907,0.0005306135517560868
dtd,freetta,wrong,1054,3.8499232005801556,3.8499351739883423,8.24211176097751e-05,0.022333345411299416,0.02227449230849743,0.0003320395205951727
