dataset,oracle_centroid_acc,oracle_1nn_acc,geometry_alignment_score
dtd,0.7319148778915405,0.6361702127659574,0.0957446651255831
