dataset,method,samples,unchanged_correct_count,unchanged_wrong_count,beneficial_flip_count,harmful_flip_count,other_changed_wrong_count,unchanged_correct_rate,unchanged_wrong_rate,change_rate,beneficial_flip_precision,harmful_flip_rate_on_clip_correct,net_correction_score,net_correction_rate,avg_entropy_after_beneficial_flip,avg_entropy_after_harmful_flip
dtd,tda,1880,795,852,54,31,148,0.4228723404255319,0.4531914893617021,0.12393617021276596,0.2317596566523605,0.03753026634382567,23,0.01223404255319149,2.4465611466655024,2.4978766287526777
dtd,freetta,1880,797,852,74,29,128,0.423936170212766,0.4531914893617021,0.12287234042553191,0.3203463203463203,0.035108958837772396,45,0.023936170212765957,3.8499133941289543,3.849924013532441
