dataset,method,samples,unchanged_correct_count,unchanged_wrong_count,beneficial_flip_count,harmful_flip_count,other_changed_wrong_count,unchanged_correct_rate,unchanged_wrong_rate,change_rate,beneficial_flip_precision,harmful_flip_rate_on_clip_correct,net_correction_score,net_correction_rate,avg_entropy_after_beneficial_flip,avg_entropy_after_harmful_flip
dtd,tda,1880,775,757,87,51,210,0.4122340425531915,0.4026595744680851,0.1851063829787234,0.25,0.06174334140435835,36,0.019148936170212766,1.5702788634546871,1.7259904333189422
dtd,freetta,1880,811,917,44,15,93,0.43138297872340425,0.4877659574468085,0.08085106382978724,0.2894736842105263,0.018159806295399514,29,0.015425531914893617,2.6755572855472565,2.7256221930185953
