dataset,clip_acc,tda_acc,freetta_acc
caltech,0.9354969574036511,0.9342799186706543,0.9363083164300203
