dataset,clip_acc,tda_acc,freetta_acc
caltech,0.9354969574036511,0.9359026369168357,0.9363083164300203
