dataset,method,samples,unchanged_correct_count,unchanged_wrong_count,beneficial_flip_count,harmful_flip_count,other_changed_wrong_count,unchanged_correct_rate,unchanged_wrong_rate,change_rate,beneficial_flip_precision,harmful_flip_rate_on_clip_correct,net_correction_score,net_correction_rate,avg_entropy_after_beneficial_flip,avg_entropy_after_harmful_flip
caltech,tda,2465,2297,148,10,9,1,0.9318458417849899,0.06004056795131846,0.008113590263691683,0.5,0.0039028620988725065,1,0.00040567951318458417,0.9293161690235138,0.8322972787751092
caltech,freetta,2465,2302,153,6,4,0,0.9338742393509127,0.06206896551724138,0.004056795131845842,0.6,0.0017346053772766695,2,0.0008113590263691683,1.0601131916046143,1.566877618432045
