bin_index,entropy_min,entropy_max,count,baseline_acc,tda_acc,freetta_acc,tda_gain_over_baseline,freetta_gain_over_baseline
0,0.006768530234694481,0.10315059497952461,8,1.0,1.0,1.0,0.0,0.0
1,0.10315059497952461,0.7084060609340668,7,1.0,1.0,1.0,0.0,0.0
2,0.7084060609340668,2.239543616771698,7,0.7142857142857143,0.8571428571428571,0.7142857142857143,0.1428571428571428,0.0
3,2.239543616771698,3.7873361110687256,8,0.625,0.125,0.625,-0.5,0.0
