method,metric,mean,std,corr_with_correctness,mean_when_correct,mean_when_incorrect
tda,cache_fill_ratio,0.01513671875,0.008452579539452333,-0.14804827946614926,0.014382102272727272,0.0172119140625
tda,entropy,1.8790221730868022,0.7016575117351683,-0.7117106672947504,1.5778864296999844,2.707145467400551
tda,jsd_clip_fused,0.15274367397651076,0.056505835743142205,-0.04247218113750248,0.15129646409133618,0.15672350116074085
tda,pred_confidence,0.47907234778006874,0.15852718002618535,0.5758834441521921,0.5341242057355967,0.32767973840236664
freetta,em_weight,0.238392143744217,0.3396983503901611,0.31115203860495655,0.28566165222884865,0.002044601321058781
freetta,entropy,1.1874885711818934,1.1986757554503764,-0.44800219698954147,0.9473306791484356,2.388278031349182
freetta,mu_drift_from_init,0.02495378927013802,0.014937022065114918,-0.126684230491277,0.024107533626216978,0.029185067489743234
freetta,mu_update_norm,0.001575802733551838,0.002192361506499449,0.3174957835000883,0.0018870927038146235,1.935288223791076e-05
freetta,pred_confidence,0.7151894629001617,0.29403241390926954,0.5210658980879365,0.7837071758508682,0.37260089814662933
freetta,weight,0.238392143744217,0.3396983503901611,0.31115203860495655,0.28566165222884865,0.002044601321058781
