bin_index,entropy_min,entropy_max,count,baseline_acc,tda_acc,freetta_acc,tda_gain_over_baseline,freetta_gain_over_baseline
0,0.03184251859784126,0.359129399061203,8,1.0,1.0,1.0,0.0,0.0
1,0.359129399061203,0.7927985787391663,7,1.0,1.0,1.0,0.0,0.0
2,0.7927985787391663,1.1369750499725342,7,0.7142857142857143,0.7142857142857143,0.7142857142857143,0.0,0.0
3,1.1369750499725342,2.133622884750366,8,0.25,0.25,0.25,0.0,0.0
