bin_index,entropy_min,entropy_max,count,tda_acc,freetta_acc,freetta_minus_tda
0,0.00015213328879326582,0.1639365255832672,2169,0.995850622406639,0.9912402028584602,-0.004610419548178868
1,0.1639365255832672,0.5868480205535889,2169,0.9755647763946519,0.9308437067773168,-0.04472106961733513
2,0.5868480205535889,1.6757140159606934,2169,0.8354080221300139,0.6316274781005071,-0.20378054402950674
3,1.6757140159606934,4.213510036468506,2170,0.4152073732718894,0.13225806451612904,-0.28294930875576035
