dataset,spc,n,clip_acc,tda_acc,ftta_acc,clip_std,tda_std,ftta_std
dtd,5,235,0.4680851101875305,0.46666666865348816,0.4524822731812795,0.0,0.00723266106097247,0.002005965205926498
dtd,10,470,0.4489361643791199,0.441843976577123,0.463120569785436,0.0,0.009567892833151282,0.001002982602963249
dtd,25,1175,0.43744680285453796,0.44964540004730225,0.4499290883541107,0.0,0.002808370956826402,0.0021229288974226206
dtd,50,1880,0.43936169147491455,0.45921985308329266,0.4510638316472371,0.0,0.0009040763008455834,0.0008686205804955848
dtd,100,1880,0.43936169147491455,0.45921985308329266,0.4510638316472371,0.0,0.0009040763008455834,0.0008686205804955848
dtd,200,1880,0.43936169147491455,0.45921985308329266,0.4510638316472371,0.0,0.0009040763008455834,0.0008686205804955848
dtd,500,1880,0.43936169147491455,0.45921985308329266,0.4510638316472371,0.0,0.0009040763008455834,0.0008686205804955848
