dataset,method,ece,mean_conf_correct,mean_conf_wrong,mean_ent_correct,mean_ent_wrong
dtd,CLIP,0.037329199498004104,0.5952896475791931,0.322679728269577,0.42600876092910767,0.6637396812438965
dtd,TDA,0.05966962502991901,0.5812180042266846,0.3249545991420746,0.4377687871456146,0.6621887683868408
dtd,FreeTTA,0.05381856120013175,0.581871747970581,0.3261592984199524,0.43688657879829407,0.661392092704773
