dataset,cache_size,all_correct,only_tda_correct,only_ftta_correct,clip_correct_tda_wrong,clip_correct_ftta_wrong,all_wrong
dtd,1,785.6666666666666,39.0,19.333333333333332,27.333333333333332,20.333333333333332,968.0
dtd,3,776.3333333333334,53.666666666666664,20.0,39.666666666666664,20.333333333333332,953.3333333333334
dtd,5,766.0,58.333333333333336,20.333333333333332,52.0,20.333333333333332,948.6666666666666
dtd,10,739.6666666666666,48.666666666666664,25.0,79.66666666666667,20.333333333333332,958.3333333333334
dtd,25,648.0,49.0,31.666666666666668,171.33333333333334,20.333333333333332,958.0
dtd,50,520.3333333333334,30.0,38.333333333333336,298.0,20.333333333333332,977.0
dtd,100,416.3333333333333,20.333333333333332,40.666666666666664,403.3333333333333,20.333333333333332,986.6666666666666
