dataset,oracle_centroid_acc,oracle_1nn_acc,gas,clip_acc,tda_acc,ftta_acc,ftta_minus_tda
dtd,0.606,0.536,0.06999999999999995,0.4320000112056732,0.43799999356269836,0.44600000977516174,0.008000016212463379
