dataset,samples,clip_acc,tda_acc,freetta_acc,freetta_minus_tda
dtd,1880,0.47074468085106386,0.47393617021276596,0.4819148936170213,0.007978723404255319
