dataset,scheme,clip_acc,tda_acc,freetta_acc,freetta_minus_tda,prefix_size,prefix_unique_classes,prefix_unique_class_ratio,prefix_class_entropy_ratio
dtd,natural,0.47074466943740845,0.47393617021276596,0.4819148936170213,0.007978723404255317,100,3,0.06382978723404255,0.2739947414132009
dtd,random,0.47074466943740845,0.47127659574468084,0.4803191489361702,0.009042553191489389,100,41,0.8723404255319149,0.9289756925844795
dtd,round_robin,0.47074466943740845,0.4702127659574468,0.47712765957446807,0.006914893617021245,100,47,1.0,0.9971147202699004
dtd,easy_to_hard,0.47074466943740845,0.47393617021276596,0.4718085106382979,-0.002127659574468088,100,22,0.46808510638297873,0.6857915008705406
dtd,hard_to_easy,0.47074466943740845,0.475531914893617,0.47925531914893615,0.0037234042553191404,100,27,0.574468085106383,0.7834787467194595
dtd,class_blocked,0.47074466943740845,0.47393617021276596,0.4819148936170213,0.007978723404255317,100,3,0.06382978723404255,0.2739947414132009
