dataset,difficulty_bin,samples,clip_acc,tda_acc,freetta_acc,freetta_minus_tda
caltech,easy,822,0.916058394160584,0.916058394160584,0.9136253041362531,-0.0024330900243308973
caltech,medium,821,0.9403166869671132,0.9403166869671132,0.9488428745432399,0.008526187576126665
caltech,hard,822,0.9659367396593674,0.9708029197080292,0.9671532846715328,-0.0036496350364964014
