dataset,phase,samples,clip_acc,tda_acc,freetta_acc,freetta_minus_tda
caltech,early,616,0.9886363636363636,0.9935064935064936,0.987012987012987,-0.006493506493506551
caltech,late,617,0.9497568881685575,0.9497568881685575,0.946515397082658,-0.0032414910858995505
caltech,middle,1232,0.9123376623376623,0.9131493506493507,0.9196428571428571,0.00649350649350644
