dataset,difficulty_bin,samples,clip_acc,tda_acc,freetta_acc,freetta_minus_tda
pets,easy,1223,0.8961569910057237,0.8896156991005724,0.8863450531479967,-0.003270645952575646
pets,medium,1223,0.902698282910875,0.8863450531479967,0.8912510220768601,0.004905968928863413
pets,hard,1223,0.8994276369582993,0.8830744071954211,0.892886345053148,0.009811937857726938
