dataset,phase,samples,clip_acc,tda_acc,freetta_acc,freetta_minus_tda
pets,early,917,0.8037077426390403,0.8026172300981461,0.7786259541984732,-0.02399127589967287
pets,late,918,0.9607843137254902,0.9357298474945533,0.9651416122004357,0.02941176470588236
pets,middle,1834,0.9165757906215921,0.9034896401308615,0.9083969465648855,0.004907306434023928
