bin_index,entropy_min,entropy_max,count,tda_acc,freetta_acc,freetta_minus_tda
0,0.006682081613689661,1.5891392827033997,470,0.7574468085106383,0.6936170212765957,-0.06382978723404253
1,1.5891392827033997,2.350600004196167,470,0.4085106382978723,0.30638297872340425,-0.10212765957446807
2,2.350600004196167,2.8858190774917603,470,0.2574468085106383,0.1574468085106383,-0.09999999999999998
3,2.8858190774917603,3.5973353385925293,470,0.17446808510638298,0.10638297872340426,-0.06808510638297872
