"dataset","reproduced_freetta_acc","controlled_natural_freetta_acc","delta_natural_minus_reproduced"
"caltech","0.939959432048681","0.943204868154158","0.00324543610547667"
"dtd","0.467553191489362","0.481914893617021","0.0143617021276596"
"eurosat","0.615555555555556","0.621851851851852","0.00629629629629636"
"pets","0.90160806759335","0.890160806759335","-0.0114472608340147"
