"dataset","samples","clip_acc","tda_acc","freetta_acc","tda_gain_vs_clip","freetta_gain_vs_clip","freetta_minus_tda"
"caltech","2465","0.9407708048820496","0.9423935091277891","0.9399594320486815","0.0016227042457395147","-0.000811372833367963","-0.00243407707910759"
"dtd","1880","0.47074466943740845","0.47393617021276596","0.4675531914893617","0.003191500775357514","-0.00319147794804681","-0.00638297872340421"
"eurosat","8100","0.5954321026802063","0.5803703703703704","0.6155555555555555","-0.015061732309835874","0.0201234528753492","0.0351851851851851"
"pets","3669","0.899427592754364","0.8863450531479967","0.9016080675933497","-0.013082539606367294","0.00218047483898554","0.0152630144453528"
