dataset,method,final_accuracy,mean_time_ms,std_time_ms,peak_state_mb,samples_to_90pct_final_acc,stability_std_last_quarter,prediction_churn_rate,error_recovery_latency,ece,disagreement_rate,freetta_win_rate_on_disagreement,tda_win_rate_on_disagreement
dtd,baseline,0.5,3.2465,16.10740569452449,0.0,2,0.014056528719161576,nan,nan,nan,,,
dtd,tda,0.1,6.676170000000001,12.718754848337161,0.0588226318359375,3,0.012540259452047014,1.0,7.666666666666667,0.4007137656211852,,,
dtd,freetta,0.5,4.968709999999999,17.762125567817044,0.18572616577148438,2,0.014056528719161576,0.0,1.4444444444444444,0.19214491695165634,,,
dtd,custom_disagreement,nan,nan,nan,nan,nan,nan,nan,nan,nan,0.8333333333333334,0.48,0.0
caltech,baseline,0.8333333333333334,0.5942033333333333,0.22882722810500988,0.0,1,0.024617392910935294,nan,nan,nan,,,
caltech,tda,0.7333333333333333,2.860370000000001,0.7690596297427138,0.0588226318359375,1,0.026826709763782965,0.0,1.0,0.3859526837865511,,,
caltech,freetta,0.8333333333333334,3.5101066666666667,0.5130511715435627,0.3968696594238281,1,0.024617392910935294,0.0,1.25,0.16396834651629127,,,
caltech,custom_disagreement,nan,nan,nan,nan,nan,nan,nan,nan,nan,0.23333333333333334,0.5714285714285714,0.14285714285714285
