step,baseline_running_acc,tda_running_acc,freetta_running_acc
1,1.0,1.0,1.0
2,1.0,0.5,1.0
3,0.6666666666666666,0.3333333333333333,0.6666666666666666
4,0.5,0.25,0.5
5,0.4,0.2,0.4
6,0.3333333333333333,0.16666666666666666,0.3333333333333333
7,0.2857142857142857,0.14285714285714285,0.2857142857142857
8,0.25,0.125,0.25
9,0.2222222222222222,0.1111111111111111,0.2222222222222222
10,0.3,0.1,0.3
