bin_index,entropy_min,entropy_max,count,baseline_acc,tda_acc,freetta_acc,tda_gain_over_baseline,freetta_gain_over_baseline
0,1.0670344829559326,1.6253173649311066,3,0.3333333333333333,0.0,0.3333333333333333,-0.3333333333333333,0.0
1,1.6253173649311066,1.8812411427497864,2,0.0,0.0,0.0,0.0,0.0
2,1.8812411427497864,2.0752671360969543,2,0.0,0.0,0.0,0.0,0.0
3,2.0752671360969543,2.1382405757904053,3,0.6666666666666666,0.3333333333333333,0.6666666666666666,-0.3333333333333333,0.0
