dataset,method,subset,samples,mean_entropy,median_entropy,std_entropy,mean_confidence,median_confidence,std_confidence
imagenet,clip,all,10000,6.907323363399506,6.907339572906494,0.00014423240854369334,0.0011474807208636775,0.0011470892932265997,3.375641090299831e-05
imagenet,clip,correct,6235,6.907314611341634,6.907331466674805,0.00014741152401537134,0.0011569637293630873,0.0011567717883735895,3.1857109839301164e-05
imagenet,clip,wrong,3765,6.907337857179274,6.907354354858398,0.00013758864464368092,0.0011317764557922782,0.0011304852087050676,3.082731565424787e-05
imagenet,tda,all,10000,1.1295025687667353,0.7703365385532379,1.1134831951645192,0.7319092766316607,0.8117348849773407,0.2572200324585312
imagenet,tda,correct,6270,0.7326646723146983,0.40473803877830505,0.8626042606112269,0.8299071146047524,0.92472904920578,0.2050910797723809
imagenet,tda,wrong,3730,1.7965732418912046,1.5510762929916382,1.1676882043366108,0.5671783264731394,0.5780517160892487,0.2517806508269249
imagenet,freetta,all,10000,6.907133562374115,6.9071574211120605,0.00020764659035332276,0.0011793410504003987,0.001178710488602519,4.1618563069435174e-05
imagenet,freetta,correct,6235,6.90712102317963,6.9071455001831055,0.00021209204645679567,0.001191021837092452,0.0011907062726095319,3.93363951583303e-05
imagenet,freetta,wrong,3765,6.907154327813056,6.907177925109863,0.00019833169766716023,0.0011599971712437046,0.0011583252344280481,3.7919993488833715e-05
