dataset,method,subset,samples,mean_entropy,median_entropy,std_entropy,mean_confidence,median_confidence,std_confidence
imagenet,clip,all,10000,6.9073233842849735,6.907340049743652,0.00014421831222960046,0.0011474807055317797,0.0011470893514342606,3.375640791613619e-05
imagenet,clip,correct,6235,6.907314630384529,6.907331466674805,0.00014739302548582916,0.0011569637152476127,0.0011567719047889113,3.1857105635289405e-05
imagenet,clip,wrong,3765,6.90733788111612,6.907354354858398,0.00013758170186947444,0.0011317764384459314,0.0011304853251203895,3.082731251592577e-05
imagenet,tda,all,10000,1.1278405758944683,0.7757126092910767,1.0990690581862221,0.732178854002431,0.8096093535423279,0.2566334713262749
imagenet,tda,correct,6272,0.7331925287297747,0.39878934621810913,0.8563625561003779,0.8302090255090996,0.9263153076171875,0.20483591601859866
imagenet,tda,wrong,3728,1.7917978054591026,1.5930483937263489,1.1417294130424038,0.567252556875332,0.5742683112621307,0.25041319421263886
imagenet,freetta,all,10000,1.2273094448943593,0.9870037138462067,1.0350611747558633,0.6740889199081809,0.7110211849212646,0.26386057794437096
imagenet,freetta,correct,6272,0.850453347517844,0.6184186041355133,0.8261710678596775,0.7781235367072775,0.8637549877166748,0.22235657679317372
imagenet,freetta,wrong,3728,1.8613334370471233,1.6918853521347046,1.0414106237271632,0.49906072340497964,0.4787286967039108,0.23394309821558057
