dataset,difficulty_bin,samples,clip_acc,tda_acc,freetta_acc,freetta_minus_tda
eurosat,easy,2700,0.6148148148148148,0.6392592592592593,0.6337037037037037,-0.005555555555555647
eurosat,medium,2700,0.6129629629629629,0.6303703703703704,0.6388888888888888,0.00851851851851848
eurosat,hard,2700,0.5585185185185185,0.4714814814814815,0.5929629629629629,0.12148148148148141
