dataset,phase,samples,clip_acc,tda_acc,freetta_acc,freetta_minus_tda
eurosat,early,2025,0.6029629629629629,0.557037037037037,0.5812345679012346,0.024197530864197625
eurosat,late,2025,0.7318518518518519,0.6350617283950617,0.762962962962963,0.12790123456790126
eurosat,middle,4050,0.5234567901234568,0.5646913580246914,0.571604938271605,0.006913580246913575
