step,baseline_running_acc,tda_running_acc,freetta_running_acc
1,0.0,0.0,0.0
2,0.5,0.0,0.5
3,0.6666666666666666,0.3333333333333333,0.6666666666666666
4,0.5,0.25,0.5
5,0.6,0.2,0.6
6,0.6666666666666666,0.16666666666666666,0.6666666666666666
7,0.7142857142857143,0.14285714285714285,0.7142857142857143
8,0.625,0.125,0.625
9,0.5555555555555556,0.1111111111111111,0.5555555555555556
10,0.6,0.1,0.6
