bin_index,entropy_min,entropy_max,count,baseline_acc,tda_acc,freetta_acc,tda_gain_over_baseline,freetta_gain_over_baseline
0,0.027770936489105225,1.56716650724411,3,0.6666666666666666,0.3333333333333333,0.6666666666666666,-0.3333333333333333,0.0
1,1.56716650724411,2.137251377105713,2,0.5,0.0,0.5,-0.5,0.0
2,2.137251377105713,2.6833266615867615,2,1.0,0.0,1.0,-1.0,0.0
3,2.6833266615867615,3.0600242614746094,3,0.3333333333333333,0.0,0.3333333333333333,-0.3333333333333333,0.0
