dataset,clip_acc,tda_acc,freetta_acc
caltech,0.9354969574036511,0.9330628803245437,0.9354969574036511
