dataset,method,subset,samples,mean_entropy,median_entropy,std_entropy,mean_confidence,median_confidence,std_confidence
caltech,clip,all,2465,4.604803686354755,4.604824066162109,0.00012414791132785673,0.011292696307067576,0.011327343992888927,0.0003088583334537591
caltech,clip,correct,2306,4.604805879766592,4.604827165603638,0.00012299200734790504,0.011302491359603296,0.011335453484207392,0.00030465233100046953
caltech,clip,wrong,159,4.604771874985605,4.604776382446289,0.00013591938348095857,0.011150637243247632,0.011217718943953514,0.00033353489743336994
caltech,tda,all,2465,0.10075113824297001,0.0013017560122534633,0.2823988516245874,0.9712515895676178,0.9998908042907715,0.0889501728220232
caltech,tda,correct,2300,0.0775180926484943,0.0009923745528794825,0.25699918341129696,0.980340517487215,0.999918520450592,0.0726754701412211
caltech,tda,wrong,165,0.4246057131962681,0.3233482837677002,0.3978948329678593,0.8445574428095962,0.9264546632766724,0.16545550367864906
caltech,freetta,all,2465,4.604640170091548,4.604669570922852,0.00018016027296383964,0.011570265563488249,0.01161166001111269,0.000379048938073842
caltech,freetta,correct,2306,4.60464336783185,4.604674339294434,0.00017846108225793274,0.011582285438398511,0.011621586512774229,0.000373969065424019
caltech,freetta,wrong,159,4.604593792801383,4.60460090637207,0.0001974747900269202,0.011395939578940658,0.011477237567305565,0.00040825374059853326
