dataset,difficulty_bin,samples,clip_acc,tda_acc,freetta_acc,freetta_minus_tda
caltech,medium,2465,0.9354969574036511,0.9359026369168357,0.9363083164300203,0.00040567951318459805
dtd,medium,1880,0.43936170212765957,0.45159574468085106,0.4654255319148936,0.013829787234042545
eurosat,easy,8100,0.48432098765432097,0.5333333333333333,0.5934567901234568,0.06012345679012343
imagenet,medium,1295,0.7081081081081081,0.7111969111969112,0.7104247104247104,-0.0007722007722007485
imagenet,hard,8705,0.6109132682366456,0.614704192992533,0.6148190695002872,0.00011487650775421354
pets,easy,605,0.8512396694214877,0.8479338842975207,0.8462809917355372,-0.0016528925619835322
pets,medium,3064,0.8903394255874674,0.8945822454308094,0.8942558746736292,-0.0003263707571802277
