dataset,difficulty_bin,samples,clip_acc,tda_acc,freetta_acc,freetta_minus_tda
caltech,medium,2465,0.9354969574036511,0.9330628803245437,0.9354969574036511,0.0024340770791074773
dtd,medium,1880,0.43936170212765957,0.45159574468085106,0.43936170212765957,-0.012234042553191493
eurosat,easy,8100,0.48432098765432097,0.5303703703703704,0.5012345679012346,-0.02913580246913583
imagenet,medium,1295,0.7096525096525097,0.7104247104247104,0.7096525096525097,-0.0007722007722007485
imagenet,hard,8705,0.6106835152211373,0.6145893164847789,0.6106835152211373,-0.003905801263641595
pets,easy,605,0.8512396694214877,0.856198347107438,0.8528925619834711,-0.0033057851239669533
pets,medium,3064,0.8903394255874674,0.8887075718015666,0.8867493472584856,-0.001958224543080922
