dataset,difficulty_bin,samples,clip_acc,tda_acc,freetta_acc,freetta_minus_tda
dtd,medium,30,0.6666666666666666,0.6666666666666666,0.6666666666666666,0.0
dtd,hard,1850,0.43567567567567567,0.45513513513513515,0.45135135135135135,-0.0037837837837838006
pets,easy,1850,0.8772972972972973,0.8778378378378379,0.8854054054054054,0.00756756756756749
pets,medium,1819,0.8905992303463441,0.8905992303463441,0.8938977460142936,0.0032985156679494754
