dataset,disagreement_rate,tda_acc_on_disagreement,freetta_acc_on_disagreement,avg_clip_entropy_on_disagreement
dtd,0.1723404255319149,0.21296296296296297,0.19135802469135801,3.849997803016945
pets,0.03297901335513764,0.35537190082644626,0.5206611570247934,3.6098314119764594
