dataset,disagreement_rate,tda_acc_on_disagreement,freetta_acc_on_disagreement,avg_clip_entropy_on_disagreement
caltech,0.008113590263691683,0.45,0.5,4.604713368415832
dtd,0.14202127659574468,0.1647940074906367,0.26217228464419473,3.8499999457084284
eurosat,0.30901234567901237,0.22812624850179783,0.42269276867758687,2.302439905289312
imagenet,0.056,0.2517857142857143,0.2517857142857143,6.907334221260888
pets,0.01062959934587081,0.4358974358974359,0.38461538461538464,3.609947247382922
