dataset,oracle_centroid_acc,oracle_1nn_acc,geometry_alignment_score
dtd,0.7319148778915405,0.6361702127659574,0.0957446651255831
pets,0.9149631857872009,0.8345598255655492,0.08040336022165173
