dataset,window,tda_break_even_vs_clip,freetta_break_even_vs_clip,freetta_break_even_vs_tda,tda_break_even_ratio,freetta_break_even_ratio,freetta_vs_tda_break_even_ratio
caltech,50,1374,,41,0.5574036511156186,,0.01663286004056795
dtd,50,287,,228,0.15265957446808512,,0.12127659574468085
eurosat,50,943,5.0,5,0.11641975308641975,0.0006172839506172839,0.0006172839506172839
imagenet,50,178,,440,0.0178,,0.044
pets,50,231,126.0,116,0.06295993458708095,0.03434178250204415,0.03161624420823113
