dataset,window,tda_break_even_vs_clip,freetta_break_even_vs_clip,freetta_break_even_vs_tda,tda_break_even_ratio,freetta_break_even_ratio,freetta_vs_tda_break_even_ratio
caltech,50,1374,1050,119,0.5574036511156186,0.4259634888438134,0.04827586206896552
dtd,50,358,30,30,0.19042553191489361,0.015957446808510637,0.015957446808510637
eurosat,50,941,8,8,0.11617283950617284,0.0009876543209876543,0.0009876543209876543
imagenet,50,363,2,2,0.0363,0.0002,0.0002
pets,50,5,5,101,0.001362769146906514,0.001362769146906514,0.027527936767511585
