dataset,window,tda_break_even_vs_clip,freetta_break_even_vs_clip,freetta_break_even_vs_tda,tda_break_even_ratio,freetta_break_even_ratio,freetta_vs_tda_break_even_ratio
caltech,123,1374,,123,0.5574036511156186,,0.04989858012170385
dtd,94,358,,228,0.19042553191489361,,0.12127659574468085
eurosat,405,1593,405.0,405,0.19666666666666666,0.05,0.05
imagenet,500,500,,1277,0.05,,0.1277
pets,183,349,183.0,183,0.09512128645407468,0.04987735077677841,0.04987735077677841
