dataset,samples,clip_acc,tda_acc,freetta_acc,tda_gain_vs_clip,freetta_gain_vs_clip,freetta_minus_tda,tda_final_positive_cache_size,tda_final_negative_cache_size,freetta_final_mu_drift,freetta_final_prior_entropy,freetta_final_sigma_trace
dtd,1880,0.43936170212765957,0.45851063829787236,0.45478723404255317,0.019148936170212766,0.015425531914893617,-0.003723404255319196,221,50,1.1545507907867432,1.2513819932937622,0.333469938724599
pets,3669,0.883892068683565,0.8841646225129463,0.8896156991005724,0.0002725538293813028,0.005723630417007359,0.005451076587626114,111,70,1.1220039129257202,2.5880823135375977,0.3704642218512458
