dataset,samples,clip_acc,tda_acc,freetta_acc,tda_gain_vs_clip,freetta_gain_vs_clip,freetta_minus_tda,tda_final_positive_cache_size,tda_final_negative_cache_size,freetta_final_mu_drift,freetta_final_prior_entropy,freetta_final_sigma_trace
caltech,2465,0.9354969574036511,0.9330628803245437,0.9354969574036511,-0.002434077079107505,0.0,0.0024340770791074773,300,62,2.575989981323801e-07,4.605169773101807,513.20361328125
dtd,1880,0.43936170212765957,0.45159574468085106,0.43936170212765957,0.01223404255319149,0.0,-0.012234042553191493,135,81,3.763302447623573e-05,3.8501477241516113,512.91796875
eurosat,8100,0.48432098765432097,0.5303703703703704,0.5012345679012346,0.04604938271604938,0.01691358024691358,-0.02913580246913583,30,20,0.1864013820886612,2.302640914916992,529.2477416992188
imagenet,10000,0.6235,0.627,0.6235,0.0035,0.0,-0.0034999999999999476,2968,1396,4.268383690941846e-07,6.907753944396973,516.8828125
pets,3669,0.883892068683565,0.8833469610248024,0.881166530389752,-0.0005451076587626056,-0.002725538293813028,-0.0021804306350503566,111,66,0.0002756884496193379,3.6104366779327393,523.82177734375
