dataset,samples,clip_acc,tda_acc,freetta_acc,tda_gain_vs_clip,freetta_gain_vs_clip,freetta_minus_tda,tda_final_positive_cache_size,tda_final_negative_cache_size,freetta_final_mu_drift,freetta_final_prior_entropy,freetta_final_sigma_trace
caltech,2465,0.9354969574036511,0.9330628803245437,0.9354969574036511,-0.002434077079107505,0.0,0.0024340770791074773,300,62,2.5715795004543907e-07,4.605170249938965,513.20361328125
dtd,1880,0.43936170212765957,0.45159574468085106,0.43936170212765957,0.01223404255319149,0.0,-0.012234042553191493,135,81,3.768382521229796e-05,3.8501474857330322,512.91796875
eurosat,8100,0.48432098765432097,0.5303703703703704,0.5012345679012346,0.04604938271604938,0.01691358024691358,-0.02913580246913583,30,20,0.18640132248401642,2.3026413917541504,529.2477416992188
imagenet,10000,0.6235,0.627,0.6235,0.0035,0.0,-0.0034999999999999476,2968,1396,4.1670506334412494e-07,6.907755374908447,516.8828125
pets,3669,0.883892068683565,0.8833469610248024,0.881166530389752,-0.0005451076587626056,-0.002725538293813028,-0.0021804306350503566,111,66,0.0002771798172034323,3.61043643951416,523.82177734375
