dataset,gas,oracle_c,oracle_1nn,ft_gain,tda_gain,ft_vs_tda
caltech,0.0559837661215064,97.4442183971405,91.84584178498986,0.08113590263691961,0.040567951318459805,0.040567951318459805
dtd,0.0957446651255831,73.19148778915405,63.61702127659574,2.6063829787234036,1.2234042553191493,1.3829787234042543
eurosat,-0.1154320967344589,78.25925946235657,89.80246913580247,10.913580246913579,4.901234567901236,6.012345679012343
pets,0.0804033602216517,91.49631857872008,83.45598255655491,0.24529844644317622,0.29980921231943514,-0.054510765876258915
imagenet,0.4082999955177307,82.71999955177307,41.89,0.36999999999999256,0.36999999999999256,0.0
