dataset,window,tda_break_even_vs_clip,freetta_break_even_vs_clip,freetta_break_even_vs_tda,tda_break_even_ratio,freetta_break_even_ratio,freetta_vs_tda_break_even_ratio
caltech,50,1374,1050,119,0.5574036511156186,0.4259634888438134,0.0482758620689655
dtd,50,358,30,30,0.1904255319148936,0.0159574468085106,0.0159574468085106
eurosat,50,941,8,8,0.1161728395061728,0.0009876543209876,0.0009876543209876
pets,50,5,5,101,0.0013627691469065,0.0013627691469065,0.0275279367675115
imagenet,50,363,2,2,0.0363,0.0002,0.0002
