step,baseline_running_acc,tda_running_acc,freetta_running_acc
1,0.0,0.0,0.0
2,0.5,0.5,0.5
3,0.6666666666666666,0.6666666666666666,0.6666666666666666
4,0.5,0.5,0.5
5,0.6,0.4,0.6
6,0.6666666666666666,0.5,0.6666666666666666
7,0.7142857142857143,0.5714285714285714,0.7142857142857143
8,0.625,0.5,0.625
9,0.5555555555555556,0.4444444444444444,0.5555555555555556
10,0.6,0.5,0.6
