bin_index,entropy_min,entropy_max,count,tda_acc,freetta_acc,freetta_minus_tda
0,0.0025248941965401173,0.23827442526817322,917,0.9672846237731734,0.826608505997819,-0.14067611777535438
1,0.23827442526817322,0.6705948114395142,917,0.9302071973827699,0.4830970556161396,-0.44711014176663033
2,0.6705948114395142,1.088823914527893,917,0.7797164667393675,0.23991275899672845,-0.539803707742639
3,1.088823914527893,2.7105250358581543,918,0.4749455337690632,0.1056644880174292,-0.369281045751634
