dataset,difficulty_bin,samples,clip_acc,tda_acc,freetta_acc,freetta_minus_tda
caltech,easy,822,0.9075425790754258,0.9038929440389294,0.9075425790754258,0.0036496350364964014
caltech,medium,821,0.9378806333739342,0.9378806333739342,0.9378806333739342,0.0
caltech,hard,822,0.9610705596107056,0.9574209245742092,0.9610705596107056,0.0036496350364964014
