dataset,difficulty_bin,samples,clip_acc,tda_acc,freetta_acc,freetta_minus_tda
caltech,easy,822,0.9075425790754258,0.9063260340632603,0.9075425790754258,0.0012165450121655041
caltech,medium,821,0.9378806333739342,0.9378806333739342,0.9366626065773447,-0.0012180267965895553
caltech,hard,822,0.9610705596107056,0.9635036496350365,0.9635036496350365,0.0
