dataset,method,subset,samples,mean_entropy,median_entropy,std_entropy,mean_confidence,median_confidence,std_confidence
caltech,clip,all,2465,4.604803686354755,4.604824066162109,0.00012414791132785673,0.011292696307067576,0.011327343992888927,0.0003088583334537591
caltech,clip,correct,2306,4.604805879766592,4.604827165603638,0.00012299200734790504,0.011302491359603296,0.011335453484207392,0.00030465233100046953
caltech,clip,wrong,159,4.604771874985605,4.604776382446289,0.00013591938348095857,0.011150637243247632,0.011217718943953514,0.00033353489743336994
caltech,tda,all,2465,0.16773735399815626,0.017091743648052216,0.35725173033385915,0.9547864160721491,0.9982000589370728,0.10573337213042792
caltech,tda,correct,2307,0.1296362643944629,0.013585833832621574,0.3139525558186806,0.9689785253448718,0.9985154271125793,0.08505099460643631
caltech,tda,wrong,158,0.7240614914394254,0.6611970067024231,0.4704108007063487,0.7475636559951154,0.7539766430854797,0.15136745082551178
caltech,freetta,all,2465,4.604801183781808,4.604820728302002,0.0001241796370384095,0.011293390500179773,0.011328627355396748,0.000307360566522873
caltech,freetta,correct,2307,4.604803460058734,4.604825019836426,0.00012306668531127942,0.011302653798614688,0.011335842311382294,0.0003037565859412339
caltech,freetta,wrong,158,4.6047679472573195,4.604772567749023,0.00013512267580005692,0.011158134617335811,0.011225417256355286,0.00032723396803659193
