dataset,difficulty_bin,samples,clip_acc,tda_acc,freetta_acc,freetta_minus_tda
dtd,easy,627,0.5996810207336523,0.6092503987240829,0.6092503987240829,0.0
dtd,medium,626,0.5079872204472844,0.5031948881789138,0.5159744408945687,0.012779552715654896
dtd,hard,627,0.30462519936204147,0.3094098883572568,0.32057416267942584,0.011164274322169043
