dataset,phase,samples,clip_acc,tda_acc,freetta_acc,freetta_minus_tda
dtd,early,470,0.5255319148936171,0.5255319148936171,0.5382978723404256,0.012765957446808529
dtd,late,470,0.502127659574468,0.5148936170212766,0.5148936170212766,0.0
dtd,middle,940,0.4276595744680851,0.4276595744680851,0.4372340425531915,0.009574468085106369
