{
  "dtd": {
    "alpha": 0.2,
    "beta": 4.5,
    "freetta_accuracy": 0.43936170212765957
  },
  "caltech": {
    "alpha": 0.2,
    "beta": 4.5,
    "freetta_accuracy": 0.9354969574036511
  },
  "eurosat": {
    "alpha": 0.2,
    "beta": 4.5,
    "freetta_accuracy": 0.48246913580246914
  },
  "pets": {
    "alpha": 0.2,
    "beta": 4.5,
    "freetta_accuracy": 0.883892068683565
  },
  "imagenet": {
    "alpha": 0.2,
    "beta": 4.5,
    "freetta_accuracy": 0.6235
  }
}