dataset,clip_acc,tda_acc,freetta_acc
eurosat,0.48432098765432097,0.5333333333333333,0.5934567901234568
