dataset,clip_acc,tda_acc,freetta_acc
eurosat,0.48432098765432097,0.5303703703703704,0.5106172839506172
