dataset,method,subset,samples,mean_entropy,median_entropy,std_entropy,mean_confidence,median_confidence,std_confidence
eurosat,clip,all,8100,2.3024133003199543,2.30244243144989,0.000136927487686623,0.10275359212616343,0.10239895060658455,0.001552939989631959
eurosat,clip,correct,3923,2.3023577781164795,2.302354574203491,0.00012865574339936586,0.10361114048225491,0.10356748104095459,0.00152874950272548
eurosat,clip,wrong,4177,2.3024654462630307,2.302520275115967,0.00012327987896558186,0.10194819059373661,0.10160453617572784,0.001068781836768399
eurosat,tda,all,8100,0.9769408754481274,0.9827336370944977,0.5942246091681711,0.6517058283311349,0.6451096832752228,0.23976051832448236
eurosat,tda,correct,4320,0.77562771545275,0.6753417253494263,0.5994259281484227,0.7319531834477352,0.7933399975299835,0.23732512922287383
eurosat,tda,wrong,3780,1.2070130582999872,1.2491655945777893,0.49674704299487565,0.5599945653407347,0.5347802639007568,0.20746671408837683
eurosat,freetta,all,8100,0.8022896120238378,0.8431215882301331,0.5857242233719925,0.6929883118378527,0.6800225973129272,0.24604491076849924
eurosat,freetta,correct,4807,0.5115850066049518,0.2973381280899048,0.5130934047671101,0.8118582326296538,0.9345933198928833,0.21778901082894123
eurosat,freetta,wrong,3293,1.2266494778752148,1.2844597101211548,0.3951316409986998,0.519466383733939,0.49378952383995056,0.17009827123199525
