dataset,method,subset,samples,mean_entropy,median_entropy,std_entropy,mean_confidence,median_confidence,std_confidence
eurosat,clip,all,8100,2.3024133005554295,2.3024423122406006,0.0001369287348533836,0.10275359182354109,0.10239895060658455,0.0015529403759195692
eurosat,clip,correct,3923,2.302357777204861,2.302354574203491,0.0001286546511677274,0.10361114057721516,0.10356748849153519,0.0015287500252557451
eurosat,clip,wrong,4177,2.3024654475758455,2.302520275115967,0.00012328269480080763,0.10194818991770835,0.10160455107688904,0.0010687816422354952
eurosat,tda,all,8100,0.9643084897239798,0.9653722941875458,0.5942943069960996,0.6581337657957166,0.656332939863205,0.23890417843079867
eurosat,tda,correct,4296,0.7714723215938298,0.6655667424201965,0.6047087161755728,0.7345571047218874,0.8001674115657806,0.23745373753667412
eurosat,tda,wrong,3804,1.1820856133536126,1.2257618308067322,0.4996614930791916,0.5718260202576435,0.5464266240596771,0.20930968802509695
eurosat,freetta,all,8100,2.3022366978209696,2.3022983074188232,0.00026268134907543947,0.1040245747336267,0.10366643220186234,0.0020870834259570465
eurosat,freetta,correct,4136,2.3021493541433458,2.3021639585494995,0.00025496805578357183,0.10506106379335635,0.10497523471713066,0.0020156413933297623
eurosat,freetta,wrong,3964,2.3023278313857154,2.3024250268936157,0.00023854193418128123,0.10294311188018526,0.10245843231678009,0.0015398882983595412
