dataset,method,subset,samples,mean_entropy,median_entropy,std_entropy,mean_confidence,median_confidence,std_confidence
eurosat,clip,all,8100,2.3024133005554295,2.3024423122406006,0.0001369287348533836,0.10275359182354109,0.10239895060658455,0.0015529403759195692
eurosat,clip,correct,3923,2.302357777204861,2.302354574203491,0.0001286546511677274,0.10361114057721516,0.10356748849153519,0.0015287500252557451
eurosat,clip,wrong,4177,2.3024654475758455,2.302520275115967,0.00012328269480080763,0.10194818991770835,0.10160455107688904,0.0010687816422354952
eurosat,tda,all,8100,0.9643084897239798,0.9653722941875458,0.5942943069960996,0.6581337657957166,0.656332939863205,0.23890417843079867
eurosat,tda,correct,4296,0.7714723215938298,0.6655667424201965,0.6047087161755728,0.7345571047218874,0.8001674115657806,0.23745373753667412
eurosat,tda,wrong,3804,1.1820856133536126,1.2257618308067322,0.4996614930791916,0.5718260202576435,0.5464266240596771,0.20930968802509695
eurosat,freetta,all,8100,2.3023651385012966,2.3024022579193115,0.00017310370034257638,0.10312978283490663,0.10279950499534607,0.0017477183496336667
eurosat,freetta,correct,4060,2.302303181082157,2.3023033142089844,0.0001653555816037367,0.10403034025849087,0.10396101325750351,0.001701805387066677
eurosat,freetta,wrong,4040,2.3024274026403333,2.3024951219558716,0.00015768876845889942,0.10222476720625516,0.1018478162586689,0.0012568251675078728
