dataset,method,samples,unchanged_correct_count,unchanged_wrong_count,beneficial_flip_count,harmful_flip_count,other_changed_wrong_count,unchanged_correct_rate,unchanged_wrong_rate,change_rate,beneficial_flip_precision,harmful_flip_rate_on_clip_correct,net_correction_score,net_correction_rate,avg_entropy_after_beneficial_flip,avg_entropy_after_harmful_flip
eurosat,tda,8100,3176,1544,1120,747,1513,0.39209876543209876,0.19061728395061728,0.41728395061728396,0.33136094674556216,0.19041549834310476,373,0.04604938271604938,1.4206711138864714,1.1794686656559965
eurosat,freetta,8100,3803,3179,257,120,741,0.4695061728395062,0.3924691358024691,0.1380246913580247,0.2298747763864043,0.03058883507519755,137,0.01691358024691358,2.3024407592728906,2.302393881479899
