bin_index,entropy_min,entropy_max,count,baseline_acc,tda_acc,freetta_acc,tda_gain_over_baseline,freetta_gain_over_baseline
0,0.4671889543533325,1.4657655358314514,8,0.375,0.375,0.25,0.0,-0.125
1,1.4657655358314514,1.86736398935318,7,0.42857142857142855,0.42857142857142855,0.42857142857142855,0.0,0.0
2,1.86736398935318,2.0793606638908386,7,0.2857142857142857,0.2857142857142857,0.2857142857142857,0.0,0.0
3,2.0793606638908386,2.187826633453369,8,0.375,0.375,0.375,0.0,0.0
