{
  "dtd": {
    "alpha": 0.2,
    "beta": 2.0,
    "freetta_accuracy": 0.4803191489361702
  },
  "caltech": {
    "alpha": 0.1,
    "beta": 1.0,
    "freetta_accuracy": 0.944421906693712
  },
  "eurosat": {
    "alpha": 0.3,
    "beta": 4.5,
    "freetta_accuracy": 0.6155555555555555
  },
  "pets": {
    "alpha": 0.1,
    "beta": 0.1,
    "freetta_accuracy": 0.9016080675933497
  }
}