bin_index,entropy_min,entropy_max,count,baseline_acc,tda_acc,freetta_acc,tda_gain_over_baseline,freetta_gain_over_baseline
0,0.027770936489105225,1.5004679560661316,8,0.875,0.375,0.875,-0.5,0.0
1,1.5004679560661316,2.14776074886322,7,0.5714285714285714,0.0,0.5714285714285714,-0.5714285714285714,0.0
2,2.14776074886322,2.811442494392395,7,0.42857142857142855,0.0,0.42857142857142855,-0.42857142857142855,0.0
3,2.811442494392395,3.370645523071289,8,0.125,0.0,0.125,-0.125,0.0
