step,baseline_running_acc,tda_running_acc,freetta_running_acc
1,1.0,1.0,1.0
2,1.0,1.0,1.0
3,0.6666666666666666,0.6666666666666666,0.6666666666666666
4,0.75,0.75,0.75
5,0.8,0.8,0.8
6,0.8333333333333334,0.6666666666666666,0.8333333333333334
7,0.8571428571428571,0.7142857142857143,0.8571428571428571
8,0.875,0.75,0.875
9,0.8888888888888888,0.7777777777777778,0.8888888888888888
10,0.9,0.8,0.9
