bin_index,entropy_min,entropy_max,count,baseline_acc,tda_acc,freetta_acc,tda_gain_over_baseline,freetta_gain_over_baseline
0,0.012251932173967361,0.12916702032089233,3,1.0,1.0,1.0,0.0,0.0
1,0.12916702032089233,0.6332361698150635,2,1.0,1.0,1.0,0.0,0.0
2,0.6332361698150635,2.2436861991882324,2,1.0,1.0,1.0,0.0,0.0
3,2.2436861991882324,3.7873361110687256,3,0.6666666666666666,0.3333333333333333,0.6666666666666666,-0.3333333333333333,0.0
